Autauga County, Alabama
Baldwin County, AL, Alabama
Barbour County, Alabama
Bibb County, Alabama
Blount County, Alabama
Bullock County, Alabama
Butler County, Alabama
Calhoun County, AL, Alabama
Chambers County, Alabama
Cherokee County, Alabama
Chilton County, Alabama
Choctaw County, Alabama
Clarke County, Alabama
Clay County, Alabama
Cleburne County, Alabama
Coffee County, Alabama
Colbert County, Alabama
Conecuh County, Alabama
Coosa County, Alabama
Covington County, Alabama
Crenshaw County, Alabama
Cullman County, Alabama
Dale County, Alabama
Dallas County, Alabama
DeKalb County, Alabama
Elmore County, Alabama
Escambia County, Alabama
Etowah County, AL, Alabama
Fayette County, Alabama
Franklin County, Alabama
Geneva County, Alabama
Greene County, Alabama
Hale County, Alabama
Henry County, Alabama
Houston County, AL, Alabama
Jackson County, Alabama
Jefferson County, AL, Alabama
Lamar County, Alabama
Lauderdale County, Alabama
Lawrence County, Alabama
Lee County, AL, Alabama
Limestone County, Alabama
Lowndes County, Alabama
Macon County, Alabama
Madison County, AL, Alabama
Marengo County, Alabama
Marion County, Alabama
Marshall County, Alabama
Mobile County, AL, Alabama
Monroe County, Alabama
Montgomery County, AL, Alabama
Morgan County, AL, Alabama
Perry County, Alabama
Pickens County, Alabama
Pike County, Alabama
Randolph County, Alabama
Russell County, Alabama
Shelby County, AL, Alabama
St. Clair County, Alabama
Sumter County, Alabama
Talladega County, Alabama
Tallapoosa County, Alabama
Tuscaloosa County, AL, Alabama
Walker County, Alabama
Washington County, Alabama
Wilcox County, Alabama
Winston County, Alabama
Aleutians East Borough, Alaska
Aleutians West Census Area, Alaska
Anchorage Municipality, AK, Alaska
Bethel Census Area, Alaska
Bristol Bay Borough, Alaska
Denali Borough, Alaska
Dillingham Census Area, Alaska
Fairbanks North Star Borough, AK, Alaska
Haines Borough, Alaska
Hoonah-Angoon Census Area, Alaska
Juneau City and Borough, Alaska
Kenai Peninsula Borough, Alaska
Ketchikan Gateway Borough, Alaska
Kodiak Island Borough, Alaska
Kusilvak County, Alaska
Lake and Peninsula Borough, Alaska
Matanuska-Susitna Borough, Alaska
Nome Census Area, Alaska
North Slope Borough, Alaska
Northwest Arctic Borough, Alaska
Petersburg Census Area, Alaska
Prince of Wales-Hyder Census Area, Alaska
Sitka City and Borough, Alaska
Skagway Municipality, Alaska
Southeast Fairbanks Census Area, Alaska
Valdez-Cordova Census Area, Alaska
Wrangell City and Borough, Alaska
Yakutat City and Borough, Alaska
Yukon-Koyukuk Census Area, Alaska
Apache County, Arizona
Cochise County, AZ, Arizona
Coconino County, AZ, Arizona
Gila County, Arizona
Graham County, Arizona
Greenlee County, Arizona
La Paz County, Arizona
Maricopa County, AZ, Arizona
Mohave County, AZ, Arizona
Navajo County, AZ, Arizona
Pima County, AZ, Arizona
Pinal County, AZ, Arizona
Santa Cruz County, Arizona
Yavapai County, AZ, Arizona
Yuma County, AZ, Arizona
Arkansas County, Arkansas
Ashley County, Arkansas
Baxter County, Arkansas
Benton County, AR, Arkansas
Boone County, Arkansas
Bradley County, Arkansas
Calhoun County, Arkansas
Carroll County, Arkansas
Chicot County, Arkansas
Clark County, Arkansas
Clay County, Arkansas
Cleburne County, Arkansas
Cleveland County, Arkansas
Columbia County, Arkansas
Conway County, Arkansas
Craighead County, AR, Arkansas
Crawford County, Arkansas
Crittenden County, Arkansas
Cross County, Arkansas
Dallas County, Arkansas
Desha County, Arkansas
Drew County, Arkansas
Faulkner County, AR, Arkansas
Franklin County, Arkansas
Fulton County, Arkansas
Garland County, Arkansas
Grant County, Arkansas
Greene County, Arkansas
Hempstead County, Arkansas
Hot Spring County, Arkansas
Howard County, Arkansas
Independence County, Arkansas
Izard County, Arkansas
Jackson County, Arkansas
Jefferson County, Arkansas
Johnson County, Arkansas
Lafayette County, Arkansas
Lawrence County, Arkansas
Lee County, Arkansas
Lincoln County, Arkansas
Little River County, Arkansas
Logan County, Arkansas
Lonoke County, Arkansas
Madison County, Arkansas
Marion County, Arkansas
Miller County, Arkansas
Mississippi County, Arkansas
Monroe County, Arkansas
Montgomery County, Arkansas
Nevada County, Arkansas
Newton County, Arkansas
Ouachita County, Arkansas
Perry County, Arkansas
Phillips County, Arkansas
Pike County, Arkansas
Poinsett County, Arkansas
Polk County, Arkansas
Pope County, Arkansas
Prairie County, Arkansas
Pulaski County, AR, Arkansas
Randolph County, Arkansas
Saline County, AR, Arkansas
Scott County, Arkansas
Searcy County, Arkansas
Sebastian County, AR, Arkansas
Sevier County, Arkansas
Sharp County, Arkansas
St. Francis County, Arkansas
Stone County, Arkansas
Union County, Arkansas
Van Buren County, Arkansas
Washington County, AR, Arkansas
White County, Arkansas
Woodruff County, Arkansas
Yell County, Arkansas
Alameda County, CA, California
Alpine County, California
Amador County, California
Butte County, CA, California
Calaveras County, California
Colusa County, California
Contra Costa County, CA, California
Del Norte County, California
El Dorado County, CA, California
Fresno County, CA, California
Glenn County, California
Humboldt County, CA, California
Imperial County, CA, California
Inyo County, California
Kern County, CA, California
Kings County, CA, California
Lake County, California
Lassen County, California
Los Angeles County, CA, California
Madera County, CA, California
Marin County, CA, California
Mariposa County, California
Mendocino County, California
Merced County, CA, California
Modoc County, California
Mono County, California
Monterey County, CA, California
Napa County, CA, California
Nevada County, CA, California
Orange County, CA, California
Placer County, CA, California
Plumas County, California
Riverside County, CA, California
Sacramento County, CA, California
San Benito County, California
San Bernardino County, CA, California
San Diego County, CA, California
San Francisco County, CA, California
San Joaquin County, CA, California
San Luis Obispo County, CA, California
San Mateo County, CA, California
Santa Barbara County, CA, California
Santa Clara County, CA, California
Santa Cruz County, CA, California
Shasta County, CA, California
Sierra County, California
Siskiyou County, California
Solano County, CA, California
Sonoma County, CA, California
Stanislaus County, CA, California
Sutter County, California
Tehama County, California
Trinity County, California
Tulare County, CA, California
Tuolumne County, California
Ventura County, CA, California
Yolo County, CA, California
Yuba County, California
Adams County, CO, Colorado
Alamosa County, Colorado
Arapahoe County, CO, Colorado
Archuleta County, Colorado
Baca County, Colorado
Bent County, Colorado
Boulder County, CO, Colorado
Broomfield County, Colorado
Chaffee County, Colorado
Cheyenne County, Colorado
Clear Creek County, Colorado
Conejos County, Colorado
Costilla County, Colorado
Crowley County, Colorado
Custer County, Colorado
Delta County, Colorado
Denver County, CO, Colorado
Dolores County, Colorado
Douglas County, CO, Colorado
Eagle County, Colorado
El Paso County, CO, Colorado
Elbert County, Colorado
Fremont County, Colorado
Garfield County, Colorado
Gilpin County, Colorado
Grand County, Colorado
Gunnison County, Colorado
Hinsdale County, Colorado
Huerfano County, Colorado
Jackson County, Colorado
Jefferson County, CO, Colorado
Kiowa County, Colorado
Kit Carson County, Colorado
La Plata County, Colorado
Lake County, Colorado
Larimer County, CO, Colorado
Las Animas County, Colorado
Lincoln County, Colorado
Logan County, Colorado
Mesa County, CO, Colorado
Mineral County, Colorado
Moffat County, Colorado
Montezuma County, Colorado
Montrose County, Colorado
Morgan County, Colorado
Otero County, Colorado
Ouray County, Colorado
Park County, Colorado
Phillips County, Colorado
Pitkin County, Colorado
Prowers County, Colorado
Pueblo County, CO, Colorado
Rio Blanco County, Colorado
Rio Grande County, Colorado
Routt County, Colorado
Saguache County, Colorado
San Juan County, Colorado
San Miguel County, Colorado
Sedgwick County, Colorado
Summit County, Colorado
Teller County, Colorado
Washington County, Colorado
Weld County, CO, Colorado
Yuma County, Colorado
Fairfield County, CT, Connecticut
Hartford County, CT, Connecticut
Litchfield County, CT, Connecticut
Middlesex County, CT, Connecticut
New Haven County, CT, Connecticut
New London County, CT, Connecticut
Tolland County, CT, Connecticut
Windham County, CT, Connecticut
Kent County, DE, Delaware
New Castle County, DE, Delaware
Sussex County, DE, Delaware
District of Columbia, DC, District of Columbia
Alachua County, FL, Florida
Baker County, Florida
Bay County, FL, Florida
Bradford County, Florida
Brevard County, FL, Florida
Broward County, FL, Florida
Calhoun County, Florida
Charlotte County, FL, Florida
Citrus County, FL, Florida
Clay County, FL, Florida
Collier County, FL, Florida
Columbia County, Florida
DeSoto County, Florida
Dixie County, Florida
Duval County, FL, Florida
Escambia County, FL, Florida
Flagler County, Florida
Franklin County, Florida
Gadsden County, Florida
Gilchrist County, Florida
Glades County, Florida
Gulf County, Florida
Hamilton County, Florida
Hardee County, Florida
Hendry County, Florida
Hernando County, FL, Florida
Highlands County, FL, Florida
Hillsborough County, FL, Florida
Holmes County, Florida
Indian River County, FL, Florida
Jackson County, Florida
Jefferson County, Florida
Lafayette County, Florida
Lake County, FL, Florida
Lee County, FL, Florida
Leon County, FL, Florida
Levy County, Florida
Liberty County, Florida
Madison County, Florida
Manatee County, FL, Florida
Marion County, FL, Florida
Martin County, FL, Florida
Miami-Dade County, FL, Florida
Monroe County, Florida
Nassau County, Florida
Okaloosa County, FL, Florida
Okeechobee County, Florida
Orange County, FL, Florida
Osceola County, FL, Florida
Palm Beach County, FL, Florida
Pasco County, FL, Florida
Pinellas County, FL, Florida
Polk County, FL, Florida
Putnam County, Florida
Santa Rosa County, FL, Florida
Sarasota County, FL, Florida
Seminole County, FL, Florida
St. Johns County, FL, Florida
St. Lucie County, FL, Florida
Sumter County, FL, Florida
Suwannee County, Florida
Taylor County, Florida
Union County, Florida
Volusia County, FL, Florida
Wakulla County, Florida
Walton County, Florida
Washington County, Florida
Appling County, Georgia
Atkinson County, Georgia
Bacon County, Georgia
Baker County, Georgia
Baldwin County, Georgia
Banks County, Georgia
Barrow County, Georgia
Bartow County, GA, Georgia
Ben Hill County, Georgia
Berrien County, Georgia
Bibb County, GA, Georgia
Bleckley County, Georgia
Brantley County, Georgia
Brooks County, Georgia
Bryan County, Georgia
Bulloch County, Georgia
Burke County, Georgia
Butts County, Georgia
Calhoun County, Georgia
Camden County, Georgia
Candler County, Georgia
Carroll County, GA, Georgia
Catoosa County, Georgia
Charlton County, Georgia
Chatham County, GA, Georgia
Chattahoochee County, Georgia
Chattooga County, Georgia
Cherokee County, GA, Georgia
Clarke County, GA, Georgia
Clay County, Georgia
Clayton County, GA, Georgia
Clinch County, Georgia
Cobb County, GA, Georgia
Coffee County, Georgia
Colquitt County, Georgia
Columbia County, GA, Georgia
Cook County, Georgia
Coweta County, GA, Georgia
Crawford County, Georgia
Crisp County, Georgia
Dade County, Georgia
Dawson County, Georgia
DeKalb County, GA, Georgia
Decatur County, Georgia
Dodge County, Georgia
Dooly County, Georgia
Dougherty County, Georgia
Douglas County, GA, Georgia
Early County, Georgia
Echols County, Georgia
Effingham County, Georgia
Elbert County, Georgia
Emanuel County, Georgia
Evans County, Georgia
Fannin County, Georgia
Fayette County, GA, Georgia
Floyd County, Georgia
Forsyth County, GA, Georgia
Franklin County, Georgia
Fulton County, GA, Georgia
Gilmer County, Georgia
Glascock County, Georgia
Glynn County, Georgia
Gordon County, Georgia
Grady County, Georgia
Greene County, Georgia
Gwinnett County, GA, Georgia
Habersham County, Georgia
Hall County, GA, Georgia
Hancock County, Georgia
Haralson County, Georgia
Harris County, Georgia
Hart County, Georgia
Heard County, Georgia
Henry County, GA, Georgia
Houston County, GA, Georgia
Irwin County, Georgia
Jackson County, Georgia
Jasper County, Georgia
Jeff Davis County, Georgia
Jefferson County, Georgia
Jenkins County, Georgia
Johnson County, Georgia
Jones County, Georgia
Lamar County, Georgia
Lanier County, Georgia
Laurens County, Georgia
Lee County, Georgia
Liberty County, Georgia
Lincoln County, Georgia
Long County, Georgia
Lowndes County, GA, Georgia
Lumpkin County, Georgia
Macon County, Georgia
Madison County, Georgia
Marion County, Georgia
McDuffie County, Georgia
McIntosh County, Georgia
Meriwether County, Georgia
Miller County, Georgia
Mitchell County, Georgia
Monroe County, Georgia
Montgomery County, Georgia
Morgan County, Georgia
Murray County, Georgia
Muscogee County, GA, Georgia
Newton County, GA, Georgia
Oconee County, Georgia
Oglethorpe County, Georgia
Paulding County, GA, Georgia
Peach County, Georgia
Pickens County, Georgia
Pierce County, Georgia
Pike County, Georgia
Polk County, Georgia
Pulaski County, Georgia
Putnam County, Georgia
Quitman County, Georgia
Rabun County, Georgia
Randolph County, Georgia
Richmond County, GA, Georgia
Rockdale County, Georgia
Schley County, Georgia
Screven County, Georgia
Seminole County, Georgia
Spalding County, Georgia
Stephens County, Georgia
Stewart County, Georgia
Sumter County, Georgia
Talbot County, Georgia
Taliaferro County, Georgia
Tattnall County, Georgia
Taylor County, Georgia
Telfair County, Georgia
Terrell County, Georgia
Thomas County, Georgia
Tift County, Georgia
Toombs County, Georgia
Towns County, Georgia
Treutlen County, Georgia
Troup County, Georgia
Turner County, Georgia
Twiggs County, Georgia
Union County, Georgia
Upson County, Georgia
Walker County, Georgia
Walton County, Georgia
Ware County, Georgia
Warren County, Georgia
Washington County, Georgia
Wayne County, Georgia
Webster County, Georgia
Wheeler County, Georgia
White County, Georgia
Whitfield County, GA, Georgia
Wilcox County, Georgia
Wilkes County, Georgia
Wilkinson County, Georgia
Worth County, Georgia
Hawaii County, HI, Hawaii
Honolulu County, HI, Hawaii
Kalawao County, Hawaii
Kauai County, Hawaii
Maui County, HI, Hawaii
Ada County, ID, Idaho
Adams County, Idaho
Bannock County, Idaho
Bear Lake County, Idaho
Benewah County, Idaho
Bingham County, Idaho
Blaine County, Idaho
Boise County, Idaho
Bonner County, Idaho
Bonneville County, ID, Idaho
Boundary County, Idaho
Butte County, Idaho
Camas County, Idaho
Canyon County, ID, Idaho
Caribou County, Idaho
Cassia County, Idaho
Clark County, Idaho
Clearwater County, Idaho
Custer County, Idaho
Elmore County, Idaho
Franklin County, Idaho
Fremont County, Idaho
Gem County, Idaho
Gooding County, Idaho
Idaho County, Idaho
Jefferson County, Idaho
Jerome County, Idaho
Kootenai County, ID, Idaho
Latah County, Idaho
Lemhi County, Idaho
Lewis County, Idaho
Lincoln County, Idaho
Madison County, Idaho
Minidoka County, Idaho
Nez Perce County, Idaho
Oneida County, Idaho
Owyhee County, Idaho
Payette County, Idaho
Power County, Idaho
Shoshone County, Idaho
Teton County, Idaho
Twin Falls County, Idaho
Valley County, Idaho
Washington County, Idaho
Adams County, Illinois
Alexander County, Illinois
Bond County, Illinois
Boone County, Illinois
Brown County, Illinois
Bureau County, Illinois
Calhoun County, Illinois
Carroll County, Illinois
Cass County, Illinois
Champaign County, IL, Illinois
Christian County, Illinois
Clark County, Illinois
Clay County, Illinois
Clinton County, Illinois
Coles County, Illinois
Cook County, IL, Illinois
Crawford County, Illinois
Cumberland County, Illinois
De Witt County, Illinois
DeKalb County, IL, Illinois
Douglas County, Illinois
DuPage County, IL, Illinois
Edgar County, Illinois
Edwards County, Illinois
Effingham County, Illinois
Fayette County, Illinois
Ford County, Illinois
Franklin County, Illinois
Fulton County, Illinois
Gallatin County, Illinois
Greene County, Illinois
Grundy County, Illinois
Hamilton County, Illinois
Hancock County, Illinois
Hardin County, Illinois
Henderson County, Illinois
Henry County, Illinois
Iroquois County, Illinois
Jackson County, Illinois
Jasper County, Illinois
Jefferson County, Illinois
Jersey County, Illinois
Jo Daviess County, Illinois
Johnson County, Illinois
Kane County, IL, Illinois
Kankakee County, IL, Illinois
Kendall County, IL, Illinois
Knox County, Illinois
LaSalle County, IL, Illinois
Lake County, IL, Illinois
Lawrence County, Illinois
Lee County, Illinois
Livingston County, Illinois
Logan County, Illinois
Macon County, IL, Illinois
Macoupin County, Illinois
Madison County, IL, Illinois
Marion County, Illinois
Marshall County, Illinois
Mason County, Illinois
Massac County, Illinois
McDonough County, Illinois
McHenry County, IL, Illinois
McLean County, IL, Illinois
Menard County, Illinois
Mercer County, Illinois
Monroe County, Illinois
Montgomery County, Illinois
Morgan County, Illinois
Moultrie County, Illinois
Ogle County, Illinois
Peoria County, IL, Illinois
Perry County, Illinois
Piatt County, Illinois
Pike County, Illinois
Pope County, Illinois
Pulaski County, Illinois
Putnam County, Illinois
Randolph County, Illinois
Richland County, Illinois
Rock Island County, IL, Illinois
Saline County, Illinois
Sangamon County, IL, Illinois
Schuyler County, Illinois
Scott County, Illinois
Shelby County, Illinois
St. Clair County, IL, Illinois
Stark County, Illinois
Stephenson County, Illinois
Tazewell County, IL, Illinois
Union County, Illinois
Vermilion County, Illinois
Wabash County, Illinois
Warren County, Illinois
Washington County, Illinois
Wayne County, Illinois
White County, Illinois
Whiteside County, Illinois
Will County, IL, Illinois
Williamson County, Illinois
Winnebago County, IL, Illinois
Woodford County, Illinois
Adams County, Indiana
Allen County, IN, Indiana
Bartholomew County, Indiana
Benton County, Indiana
Blackford County, Indiana
Boone County, Indiana
Brown County, Indiana
Carroll County, Indiana
Cass County, Indiana
Clark County, IN, Indiana
Clay County, Indiana
Clinton County, Indiana
Crawford County, Indiana
Daviess County, Indiana
DeKalb County, Indiana
Dearborn County, Indiana
Decatur County, Indiana
Delaware County, IN, Indiana
Dubois County, Indiana
Elkhart County, IN, Indiana
Fayette County, Indiana
Floyd County, Indiana
Fountain County, Indiana
Franklin County, Indiana
Fulton County, Indiana
Gibson County, Indiana
Grant County, Indiana
Greene County, Indiana
Hamilton County, IN, Indiana
Hancock County, Indiana
Harrison County, Indiana
Hendricks County, IN, Indiana
Henry County, Indiana
Howard County, Indiana
Huntington County, Indiana
Jackson County, Indiana
Jasper County, Indiana
Jay County, Indiana
Jefferson County, Indiana
Jennings County, Indiana
Johnson County, IN, Indiana
Knox County, Indiana
Kosciusko County, Indiana
LaGrange County, Indiana
LaPorte County, IN, Indiana
Lake County, IN, Indiana
Lawrence County, Indiana
Madison County, IN, Indiana
Marion County, IN, Indiana
Marshall County, Indiana
Martin County, Indiana
Miami County, Indiana
Monroe County, IN, Indiana
Montgomery County, Indiana
Morgan County, Indiana
Newton County, Indiana
Noble County, Indiana
Ohio County, Indiana
Orange County, Indiana
Owen County, Indiana
Parke County, Indiana
Perry County, Indiana
Pike County, Indiana
Porter County, IN, Indiana
Posey County, Indiana
Pulaski County, Indiana
Putnam County, Indiana
Randolph County, Indiana
Ripley County, Indiana
Rush County, Indiana
Scott County, Indiana
Shelby County, Indiana
Spencer County, Indiana
St. Joseph County, IN, Indiana
Starke County, Indiana
Steuben County, Indiana
Sullivan County, Indiana
Switzerland County, Indiana
Tippecanoe County, IN, Indiana
Tipton County, Indiana
Union County, Indiana
Vanderburgh County, IN, Indiana
Vermillion County, Indiana
Vigo County, IN, Indiana
Wabash County, Indiana
Warren County, Indiana
Warrick County, Indiana
Washington County, Indiana
Wayne County, Indiana
Wells County, Indiana
White County, Indiana
Whitley County, Indiana
Adair County, Iowa
Adams County, Iowa
Allamakee County, Iowa
Appanoose County, Iowa
Audubon County, Iowa
Benton County, Iowa
Black Hawk County, IA, Iowa
Boone County, Iowa
Bremer County, Iowa
Buchanan County, Iowa
Buena Vista County, Iowa
Butler County, Iowa
Calhoun County, Iowa
Carroll County, Iowa
Cass County, Iowa
Cedar County, Iowa
Cerro Gordo County, Iowa
Cherokee County, Iowa
Chickasaw County, Iowa
Clarke County, Iowa
Clay County, Iowa
Clayton County, Iowa
Clinton County, Iowa
Crawford County, Iowa
Dallas County, Iowa
Davis County, Iowa
Decatur County, Iowa
Delaware County, Iowa
Des Moines County, Iowa
Dickinson County, Iowa
Dubuque County, Iowa
Emmet County, Iowa
Fayette County, Iowa
Floyd County, Iowa
Franklin County, Iowa
Fremont County, Iowa
Greene County, Iowa
Grundy County, Iowa
Guthrie County, Iowa
Hamilton County, Iowa
Hancock County, Iowa
Hardin County, Iowa
Harrison County, Iowa
Henry County, Iowa
Howard County, Iowa
Humboldt County, Iowa
Ida County, Iowa
Iowa County, Iowa
Jackson County, Iowa
Jasper County, Iowa
Jefferson County, Iowa
Johnson County, IA, Iowa
Jones County, Iowa
Keokuk County, Iowa
Kossuth County, Iowa
Lee County, Iowa
Linn County, IA, Iowa
Louisa County, Iowa
Lucas County, Iowa
Lyon County, Iowa
Madison County, Iowa
Mahaska County, Iowa
Marion County, Iowa
Marshall County, Iowa
Mills County, Iowa
Mitchell County, Iowa
Monona County, Iowa
Monroe County, Iowa
Montgomery County, Iowa
Muscatine County, Iowa
O'Brien County, Iowa
Osceola County, Iowa
Page County, Iowa
Palo Alto County, Iowa
Plymouth County, Iowa
Pocahontas County, Iowa
Polk County, IA, Iowa
Pottawattamie County, Iowa
Poweshiek County, Iowa
Ringgold County, Iowa
Sac County, Iowa
Scott County, IA, Iowa
Shelby County, Iowa
Sioux County, Iowa
Story County, Iowa
Tama County, Iowa
Taylor County, Iowa
Union County, Iowa
Van Buren County, Iowa
Wapello County, Iowa
Warren County, Iowa
Washington County, Iowa
Wayne County, Iowa
Webster County, Iowa
Winnebago County, Iowa
Winneshiek County, Iowa
Woodbury County, IA, Iowa
Worth County, Iowa
Wright County, Iowa
Allen County, Kansas
Anderson County, Kansas
Atchison County, Kansas
Barber County, Kansas
Barton County, Kansas
Bourbon County, Kansas
Brown County, Kansas
Butler County, Kansas
Chase County, Kansas
Chautauqua County, Kansas
Cherokee County, Kansas
Cheyenne County, Kansas
Clark County, Kansas
Clay County, Kansas
Cloud County, Kansas
Coffey County, Kansas
Comanche County, Kansas
Cowley County, Kansas
Crawford County, Kansas
Decatur County, Kansas
Dickinson County, Kansas
Doniphan County, Kansas
Douglas County, KS, Kansas
Edwards County, Kansas
Elk County, Kansas
Ellis County, Kansas
Ellsworth County, Kansas
Finney County, Kansas
Ford County, Kansas
Franklin County, Kansas
Geary County, Kansas
Gove County, Kansas
Graham County, Kansas
Grant County, Kansas
Gray County, Kansas
Greeley County, Kansas
Greenwood County, Kansas
Hamilton County, Kansas
Harper County, Kansas
Harvey County, Kansas
Haskell County, Kansas
Hodgeman County, Kansas
Jackson County, Kansas
Jefferson County, Kansas
Jewell County, Kansas
Johnson County, KS, Kansas
Kearny County, Kansas
Kingman County, Kansas
Kiowa County, Kansas
Labette County, Kansas
Lane County, Kansas
Leavenworth County, Kansas
Lincoln County, Kansas
Linn County, Kansas
Logan County, Kansas
Lyon County, Kansas
Marion County, Kansas
Marshall County, Kansas
McPherson County, Kansas
Meade County, Kansas
Miami County, Kansas
Mitchell County, Kansas
Montgomery County, Kansas
Morris County, Kansas
Morton County, Kansas
Nemaha County, Kansas
Neosho County, Kansas
Ness County, Kansas
Norton County, Kansas
Osage County, Kansas
Osborne County, Kansas
Ottawa County, Kansas
Pawnee County, Kansas
Phillips County, Kansas
Pottawatomie County, Kansas
Pratt County, Kansas
Rawlins County, Kansas
Reno County, Kansas
Republic County, Kansas
Rice County, Kansas
Riley County, Kansas
Rooks County, Kansas
Rush County, Kansas
Russell County, Kansas
Saline County, Kansas
Scott County, Kansas
Sedgwick County, KS, Kansas
Seward County, Kansas
Shawnee County, KS, Kansas
Sheridan County, Kansas
Sherman County, Kansas
Smith County, Kansas
Stafford County, Kansas
Stanton County, Kansas
Stevens County, Kansas
Sumner County, Kansas
Thomas County, Kansas
Trego County, Kansas
Wabaunsee County, Kansas
Wallace County, Kansas
Washington County, Kansas
Wichita County, Kansas
Wilson County, Kansas
Woodson County, Kansas
Wyandotte County, KS, Kansas
Adair County, Kentucky
Allen County, Kentucky
Anderson County, Kentucky
Ballard County, Kentucky
Barren County, Kentucky
Bath County, Kentucky
Bell County, Kentucky
Boone County, KY, Kentucky
Bourbon County, Kentucky
Boyd County, Kentucky
Boyle County, Kentucky
Bracken County, Kentucky
Breathitt County, Kentucky
Breckinridge County, Kentucky
Bullitt County, Kentucky
Butler County, Kentucky
Caldwell County, Kentucky
Calloway County, Kentucky
Campbell County, Kentucky
Carlisle County, Kentucky
Carroll County, Kentucky
Carter County, Kentucky
Casey County, Kentucky
Christian County, Kentucky
Clark County, Kentucky
Clay County, Kentucky
Clinton County, Kentucky
Crittenden County, Kentucky
Cumberland County, Kentucky
Daviess County, Kentucky
Edmonson County, Kentucky
Elliott County, Kentucky
Estill County, Kentucky
Fayette County, KY, Kentucky
Fleming County, Kentucky
Floyd County, Kentucky
Franklin County, Kentucky
Fulton County, Kentucky
Gallatin County, Kentucky
Garrard County, Kentucky
Grant County, Kentucky
Graves County, Kentucky
Grayson County, Kentucky
Green County, Kentucky
Greenup County, Kentucky
Hancock County, Kentucky
Hardin County, KY, Kentucky
Harlan County, Kentucky
Harrison County, Kentucky
Hart County, Kentucky
Henderson County, Kentucky
Henry County, Kentucky
Hickman County, Kentucky
Hopkins County, Kentucky
Jackson County, Kentucky
Jefferson County, KY, Kentucky
Jessamine County, Kentucky
Johnson County, Kentucky
Kenton County, KY, Kentucky
Knott County, Kentucky
Knox County, Kentucky
Larue County, Kentucky
Laurel County, Kentucky
Lawrence County, Kentucky
Lee County, Kentucky
Leslie County, Kentucky
Letcher County, Kentucky
Lewis County, Kentucky
Lincoln County, Kentucky
Livingston County, Kentucky
Logan County, Kentucky
Lyon County, Kentucky
Madison County, Kentucky
Magoffin County, Kentucky
Marion County, Kentucky
Marshall County, Kentucky
Martin County, Kentucky
Mason County, Kentucky
McCracken County, Kentucky
McCreary County, Kentucky
McLean County, Kentucky
Meade County, Kentucky
Menifee County, Kentucky
Mercer County, Kentucky
Metcalfe County, Kentucky
Monroe County, Kentucky
Montgomery County, Kentucky
Morgan County, Kentucky
Muhlenberg County, Kentucky
Nelson County, Kentucky
Nicholas County, Kentucky
Ohio County, Kentucky
Oldham County, Kentucky
Owen County, Kentucky
Owsley County, Kentucky
Pendleton County, Kentucky
Perry County, Kentucky
Pike County, Kentucky
Powell County, Kentucky
Pulaski County, Kentucky
Robertson County, Kentucky
Rockcastle County, Kentucky
Rowan County, Kentucky
Russell County, Kentucky
Scott County, Kentucky
Shelby County, Kentucky
Simpson County, Kentucky
Spencer County, Kentucky
Taylor County, Kentucky
Todd County, Kentucky
Trigg County, Kentucky
Trimble County, Kentucky
Union County, Kentucky
Warren County, KY, Kentucky
Washington County, Kentucky
Wayne County, Kentucky
Webster County, Kentucky
Whitley County, Kentucky
Wolfe County, Kentucky
Woodford County, Kentucky
Acadia Parish, Louisiana
Allen Parish, Louisiana
Ascension Parish, LA, Louisiana
Assumption Parish, Louisiana
Avoyelles Parish, Louisiana
Beauregard Parish, Louisiana
Bienville Parish, Louisiana
Bossier Parish, LA, Louisiana
Caddo Parish, LA, Louisiana
Calcasieu Parish, LA, Louisiana
Caldwell Parish, Louisiana
Cameron Parish, Louisiana
Catahoula Parish, Louisiana
Claiborne Parish, Louisiana
Concordia Parish, Louisiana
De Soto Parish, Louisiana
East Baton Rouge Parish, LA, Louisiana
East Carroll Parish, Louisiana
East Feliciana Parish, Louisiana
Evangeline Parish, Louisiana
Franklin Parish, Louisiana
Grant Parish, Louisiana
Iberia Parish, Louisiana
Iberville Parish, Louisiana
Jackson Parish, Louisiana
Jefferson Davis Parish, Louisiana
Jefferson Parish, LA, Louisiana
LaSalle Parish, Louisiana
Lafayette Parish, LA, Louisiana
Lafourche Parish, Louisiana
Lincoln Parish, Louisiana
Livingston Parish, LA, Louisiana
Madison Parish, Louisiana
Morehouse Parish, Louisiana
Natchitoches Parish, Louisiana
Orleans Parish, LA, Louisiana
Ouachita Parish, LA, Louisiana
Plaquemines Parish, Louisiana
Pointe Coupee Parish, Louisiana
Rapides Parish, LA, Louisiana
Red River Parish, Louisiana
Richland Parish, Louisiana
Sabine Parish, Louisiana
St. Bernard Parish, Louisiana
St. Charles Parish, Louisiana
St. Helena Parish, Louisiana
St. James Parish, Louisiana
St. John the Baptist Parish, Louisiana
St. Landry Parish, Louisiana
St. Martin Parish, Louisiana
St. Mary Parish, Louisiana
St. Tammany Parish, LA, Louisiana
Tangipahoa Parish, LA, Louisiana
Tensas Parish, Louisiana
Terrebonne Parish, LA, Louisiana
Union Parish, Louisiana
Vermilion Parish, Louisiana
Vernon Parish, Louisiana
Washington Parish, Louisiana
Webster Parish, Louisiana
West Baton Rouge Parish, Louisiana
West Carroll Parish, Louisiana
West Feliciana Parish, Louisiana
Winn Parish, Louisiana
Androscoggin County, ME, Maine
Aroostook County, Maine
Cumberland County, ME, Maine
Franklin County, Maine
Hancock County, Maine
Kennebec County, ME, Maine
Knox County, Maine
Lincoln County, Maine
Oxford County, Maine
Penobscot County, ME, Maine
Piscataquis County, Maine
Sagadahoc County, Maine
Somerset County, Maine
Waldo County, Maine
Washington County, Maine
York County, ME, Maine
Allegany County, Maryland
Anne Arundel County, MD, Maryland
Baltimore County, MD, Maryland
Baltimore city, MD, Maryland
Calvert County, Maryland
Caroline County, Maryland
Carroll County, MD, Maryland
Cecil County, MD, Maryland
Charles County, MD, Maryland
Dorchester County, Maryland
Frederick County, MD, Maryland
Garrett County, Maryland
Harford County, MD, Maryland
Howard County, MD, Maryland
Kent County, Maryland
Montgomery County, MD, Maryland
Prince George's County, MD, Maryland
Queen Anne's County, Maryland
Somerset County, Maryland
St. Mary's County, MD, Maryland
Talbot County, Maryland
Washington County, MD, Maryland
Wicomico County, MD, Maryland
Worcester County, Maryland
Barnstable County, MA, Massachusetts
Berkshire County, MA, Massachusetts
Bristol County, MA, Massachusetts
Dukes County, Massachusetts
Essex County, MA, Massachusetts
Franklin County, Massachusetts
Hampden County, MA, Massachusetts
Hampshire County, MA, Massachusetts
Middlesex County, MA, Massachusetts
Nantucket County, Massachusetts
Norfolk County, MA, Massachusetts
Plymouth County, MA, Massachusetts
Suffolk County, MA, Massachusetts
Worcester County, MA, Massachusetts
Alcona County, Michigan
Alger County, Michigan
Allegan County, MI, Michigan
Alpena County, Michigan
Antrim County, Michigan
Arenac County, Michigan
Baraga County, Michigan
Barry County, Michigan
Bay County, MI, Michigan
Benzie County, Michigan
Berrien County, MI, Michigan
Branch County, Michigan
Calhoun County, MI, Michigan
Cass County, Michigan
Charlevoix County, Michigan
Cheboygan County, Michigan
Chippewa County, Michigan
Clare County, Michigan
Clinton County, Michigan
Crawford County, Michigan
Delta County, Michigan
Dickinson County, Michigan
Eaton County, MI, Michigan
Emmet County, Michigan
Genesee County, MI, Michigan
Gladwin County, Michigan
Gogebic County, Michigan
Grand Traverse County, Michigan
Gratiot County, Michigan
Hillsdale County, Michigan
Houghton County, Michigan
Huron County, Michigan
Ingham County, MI, Michigan
Ionia County, Michigan
Iosco County, Michigan
Iron County, Michigan
Isabella County, Michigan
Jackson County, MI, Michigan
Kalamazoo County, MI, Michigan
Kalkaska County, Michigan
Kent County, MI, Michigan
Keweenaw County, Michigan
Lake County, Michigan
Lapeer County, Michigan
Leelanau County, Michigan
Lenawee County, MI, Michigan
Livingston County, MI, Michigan
Luce County, Michigan
Mackinac County, Michigan
Macomb County, MI, Michigan
Manistee County, Michigan
Marquette County, Michigan
Mason County, Michigan
Mecosta County, Michigan
Menominee County, Michigan
Midland County, Michigan
Missaukee County, Michigan
Monroe County, MI, Michigan
Montcalm County, Michigan
Montmorency County, Michigan
Muskegon County, MI, Michigan
Newaygo County, Michigan
Oakland County, MI, Michigan
Oceana County, Michigan
Ogemaw County, Michigan
Ontonagon County, Michigan
Osceola County, Michigan
Oscoda County, Michigan
Otsego County, Michigan
Ottawa County, MI, Michigan
Presque Isle County, Michigan
Roscommon County, Michigan
Saginaw County, MI, Michigan
Sanilac County, Michigan
Schoolcraft County, Michigan
Shiawassee County, Michigan
St. Clair County, MI, Michigan
St. Joseph County, Michigan
Tuscola County, Michigan
Van Buren County, Michigan
Washtenaw County, MI, Michigan
Wayne County, MI, Michigan
Wexford County, Michigan
Aitkin County, Minnesota
Anoka County, MN, Minnesota
Becker County, Minnesota
Beltrami County, Minnesota
Benton County, Minnesota
Big Stone County, Minnesota
Blue Earth County, Minnesota
Brown County, Minnesota
Carlton County, Minnesota
Carver County, Minnesota
Cass County, Minnesota
Chippewa County, Minnesota
Chisago County, Minnesota
Clay County, Minnesota
Clearwater County, Minnesota
Cook County, Minnesota
Cottonwood County, Minnesota
Crow Wing County, Minnesota
Dakota County, MN, Minnesota
Dodge County, Minnesota
Douglas County, Minnesota
Faribault County, Minnesota
Fillmore County, Minnesota
Freeborn County, Minnesota
Goodhue County, Minnesota
Grant County, Minnesota
Hennepin County, MN, Minnesota
Houston County, Minnesota
Hubbard County, Minnesota
Isanti County, Minnesota
Itasca County, Minnesota
Jackson County, Minnesota
Kanabec County, Minnesota
Kandiyohi County, Minnesota
Kittson County, Minnesota
Koochiching County, Minnesota
Lac qui Parle County, Minnesota
Lake County, Minnesota
Lake of the Woods County, Minnesota
Le Sueur County, Minnesota
Lincoln County, Minnesota
Lyon County, Minnesota
Mahnomen County, Minnesota
Marshall County, Minnesota
Martin County, Minnesota
McLeod County, Minnesota
Meeker County, Minnesota
Mille Lacs County, Minnesota
Morrison County, Minnesota
Mower County, Minnesota
Murray County, Minnesota
Nicollet County, Minnesota
Nobles County, Minnesota
Norman County, Minnesota
Olmsted County, MN, Minnesota
Otter Tail County, Minnesota
Pennington County, Minnesota
Pine County, Minnesota
Pipestone County, Minnesota
Polk County, Minnesota
Pope County, Minnesota
Ramsey County, MN, Minnesota
Red Lake County, Minnesota
Redwood County, Minnesota
Renville County, Minnesota
Rice County, Minnesota
Rock County, Minnesota
Roseau County, Minnesota
Scott County, MN, Minnesota
Sherburne County, Minnesota
Sibley County, Minnesota
St. Louis County, MN, Minnesota
Stearns County, MN, Minnesota
Steele County, Minnesota
Stevens County, Minnesota
Swift County, Minnesota
Todd County, Minnesota
Traverse County, Minnesota
Wabasha County, Minnesota
Wadena County, Minnesota
Waseca County, Minnesota
Washington County, MN, Minnesota
Watonwan County, Minnesota
Wilkin County, Minnesota
Winona County, Minnesota
Wright County, MN, Minnesota
Yellow Medicine County, Minnesota
Adams County, Mississippi
Alcorn County, Mississippi
Amite County, Mississippi
Attala County, Mississippi
Benton County, Mississippi
Bolivar County, Mississippi
Calhoun County, Mississippi
Carroll County, Mississippi
Chickasaw County, Mississippi
Choctaw County, Mississippi
Claiborne County, Mississippi
Clarke County, Mississippi
Clay County, Mississippi
Coahoma County, Mississippi
Copiah County, Mississippi
Covington County, Mississippi
DeSoto County, MS, Mississippi
Forrest County, Mississippi
Franklin County, Mississippi
George County, Mississippi
Greene County, Mississippi
Grenada County, Mississippi
Hancock County, Mississippi
Harrison County, MS, Mississippi
Hinds County, MS, Mississippi
Holmes County, Mississippi
Humphreys County, Mississippi
Issaquena County, Mississippi
Itawamba County, Mississippi
Jackson County, MS, Mississippi
Jasper County, Mississippi
Jefferson County, Mississippi
Jefferson Davis County, Mississippi
Jones County, Mississippi
Kemper County, Mississippi
Lafayette County, Mississippi
Lamar County, Mississippi
Lauderdale County, Mississippi
Lawrence County, Mississippi
Leake County, Mississippi
Lee County, Mississippi
Leflore County, Mississippi
Lincoln County, Mississippi
Lowndes County, Mississippi
Madison County, Mississippi
Marion County, Mississippi
Marshall County, Mississippi
Monroe County, Mississippi
Montgomery County, Mississippi
Neshoba County, Mississippi
Newton County, Mississippi
Noxubee County, Mississippi
Oktibbeha County, Mississippi
Panola County, Mississippi
Pearl River County, Mississippi
Perry County, Mississippi
Pike County, Mississippi
Pontotoc County, Mississippi
Prentiss County, Mississippi
Quitman County, Mississippi
Rankin County, MS, Mississippi
Scott County, Mississippi
Sharkey County, Mississippi
Simpson County, Mississippi
Smith County, Mississippi
Stone County, Mississippi
Sunflower County, Mississippi
Tallahatchie County, Mississippi
Tate County, Mississippi
Tippah County, Mississippi
Tishomingo County, Mississippi
Tunica County, Mississippi
Union County, Mississippi
Walthall County, Mississippi
Warren County, Mississippi
Washington County, Mississippi
Wayne County, Mississippi
Webster County, Mississippi
Wilkinson County, Mississippi
Winston County, Mississippi
Yalobusha County, Mississippi
Yazoo County, Mississippi
Adair County, Missouri
Andrew County, Missouri
Atchison County, Missouri
Audrain County, Missouri
Barry County, Missouri
Barton County, Missouri
Bates County, Missouri
Benton County, Missouri
Bollinger County, Missouri
Boone County, MO, Missouri
Buchanan County, Missouri
Butler County, Missouri
Caldwell County, Missouri
Callaway County, Missouri
Camden County, Missouri
Cape Girardeau County, Missouri
Carroll County, Missouri
Carter County, Missouri
Cass County, MO, Missouri
Cedar County, Missouri
Chariton County, Missouri
Christian County, Missouri
Clark County, Missouri
Clay County, MO, Missouri
Clinton County, Missouri
Cole County, Missouri
Cooper County, Missouri
Crawford County, Missouri
Dade County, Missouri
Dallas County, Missouri
Daviess County, Missouri
DeKalb County, Missouri
Dent County, Missouri
Douglas County, Missouri
Dunklin County, Missouri
Franklin County, MO, Missouri
Gasconade County, Missouri
Gentry County, Missouri
Greene County, MO, Missouri
Grundy County, Missouri
Harrison County, Missouri
Henry County, Missouri
Hickory County, Missouri
Holt County, Missouri
Howard County, Missouri
Howell County, Missouri
Iron County, Missouri
Jackson County, MO, Missouri
Jasper County, MO, Missouri
Jefferson County, MO, Missouri
Johnson County, Missouri
Knox County, Missouri
Laclede County, Missouri
Lafayette County, Missouri
Lawrence County, Missouri
Lewis County, Missouri
Lincoln County, Missouri
Linn County, Missouri
Livingston County, Missouri
Macon County, Missouri
Madison County, Missouri
Maries County, Missouri
Marion County, Missouri
McDonald County, Missouri
Mercer County, Missouri
Miller County, Missouri
Mississippi County, Missouri
Moniteau County, Missouri
Monroe County, Missouri
Montgomery County, Missouri
Morgan County, Missouri
New Madrid County, Missouri
Newton County, Missouri
Nodaway County, Missouri
Oregon County, Missouri
Osage County, Missouri
Ozark County, Missouri
Pemiscot County, Missouri
Perry County, Missouri
Pettis County, Missouri
Phelps County, Missouri
Pike County, Missouri
Platte County, Missouri
Polk County, Missouri
Pulaski County, Missouri
Putnam County, Missouri
Ralls County, Missouri
Randolph County, Missouri
Ray County, Missouri
Reynolds County, Missouri
Ripley County, Missouri
Saline County, Missouri
Schuyler County, Missouri
Scotland County, Missouri
Scott County, Missouri
Shannon County, Missouri
Shelby County, Missouri
St. Charles County, MO, Missouri
St. Clair County, Missouri
St. Francois County, Missouri
St. Louis County, MO, Missouri
St. Louis city, MO, Missouri
Ste. Genevieve County, Missouri
Stoddard County, Missouri
Stone County, Missouri
Sullivan County, Missouri
Taney County, Missouri
Texas County, Missouri
Vernon County, Missouri
Warren County, Missouri
Washington County, Missouri
Wayne County, Missouri
Webster County, Missouri
Worth County, Missouri
Wright County, Missouri
Beaverhead County, Montana
Big Horn County, Montana
Blaine County, Montana
Broadwater County, Montana
Carbon County, Montana
Carter County, Montana
Cascade County, Montana
Chouteau County, Montana
Custer County, Montana
Daniels County, Montana
Dawson County, Montana
Deer Lodge County, Montana
Fallon County, Montana
Fergus County, Montana
Flathead County, Montana
Gallatin County, Montana
Garfield County, Montana
Glacier County, Montana
Golden Valley County, Montana
Granite County, Montana
Hill County, Montana
Jefferson County, Montana
Judith Basin County, Montana
Lake County, Montana
Lewis and Clark County, Montana
Liberty County, Montana
Lincoln County, Montana
Madison County, Montana
McCone County, Montana
Meagher County, Montana
Mineral County, Montana
Missoula County, MT, Montana
Musselshell County, Montana
Park County, Montana
Petroleum County, Montana
Phillips County, Montana
Pondera County, Montana
Powder River County, Montana
Powell County, Montana
Prairie County, Montana
Ravalli County, Montana
Richland County, Montana
Roosevelt County, Montana
Rosebud County, Montana
Sanders County, Montana
Sheridan County, Montana
Silver Bow County, Montana
Stillwater County, Montana
Sweet Grass County, Montana
Teton County, Montana
Toole County, Montana
Treasure County, Montana
Valley County, Montana
Wheatland County, Montana
Wibaux County, Montana
Yellowstone County, MT, Montana
Adams County, Nebraska
Antelope County, Nebraska
Arthur County, Nebraska
Banner County, Nebraska
Blaine County, Nebraska
Boone County, Nebraska
Box Butte County, Nebraska
Boyd County, Nebraska
Brown County, Nebraska
Buffalo County, Nebraska
Burt County, Nebraska
Butler County, Nebraska
Cass County, Nebraska
Cedar County, Nebraska
Chase County, Nebraska
Cherry County, Nebraska
Cheyenne County, Nebraska
Clay County, Nebraska
Colfax County, Nebraska
Cuming County, Nebraska
Custer County, Nebraska
Dakota County, Nebraska
Dawes County, Nebraska
Dawson County, Nebraska
Deuel County, Nebraska
Dixon County, Nebraska
Dodge County, Nebraska
Douglas County, NE, Nebraska
Dundy County, Nebraska
Fillmore County, Nebraska
Franklin County, Nebraska
Frontier County, Nebraska
Furnas County, Nebraska
Gage County, Nebraska
Garden County, Nebraska
Garfield County, Nebraska
Gosper County, Nebraska
Grant County, Nebraska
Greeley County, Nebraska
Hall County, Nebraska
Hamilton County, Nebraska
Harlan County, Nebraska
Hayes County, Nebraska
Hitchcock County, Nebraska
Holt County, Nebraska
Hooker County, Nebraska
Howard County, Nebraska
Jefferson County, Nebraska
Johnson County, Nebraska
Kearney County, Nebraska
Keith County, Nebraska
Keya Paha County, Nebraska
Kimball County, Nebraska
Knox County, Nebraska
Lancaster County, NE, Nebraska
Lincoln County, Nebraska
Logan County, Nebraska
Loup County, Nebraska
Madison County, Nebraska
McPherson County, Nebraska
Merrick County, Nebraska
Morrill County, Nebraska
Nance County, Nebraska
Nemaha County, Nebraska
Nuckolls County, Nebraska
Otoe County, Nebraska
Pawnee County, Nebraska
Perkins County, Nebraska
Phelps County, Nebraska
Pierce County, Nebraska
Platte County, Nebraska
Polk County, Nebraska
Red Willow County, Nebraska
Richardson County, Nebraska
Rock County, Nebraska
Saline County, Nebraska
Sarpy County, NE, Nebraska
Saunders County, Nebraska
Scotts Bluff County, Nebraska
Seward County, Nebraska
Sheridan County, Nebraska
Sherman County, Nebraska
Sioux County, Nebraska
Stanton County, Nebraska
Thayer County, Nebraska
Thomas County, Nebraska
Thurston County, Nebraska
Valley County, Nebraska
Washington County, Nebraska
Wayne County, Nebraska
Webster County, Nebraska
Wheeler County, Nebraska
York County, Nebraska
Carson City County, Nevada
Churchill County, Nevada
Clark County, NV, Nevada
Douglas County, Nevada
Elko County, Nevada
Esmeralda County, Nevada
Eureka County, Nevada
Humboldt County, Nevada
Lander County, Nevada
Lincoln County, Nevada
Lyon County, Nevada
Mineral County, Nevada
Nye County, Nevada
Pershing County, Nevada
Storey County, Nevada
Washoe County, NV, Nevada
White Pine County, Nevada
Belknap County, New Hampshire
Carroll County, New Hampshire
Cheshire County, New Hampshire
Coos County, New Hampshire
Grafton County, New Hampshire
Hillsborough County, NH, New Hampshire
Merrimack County, NH, New Hampshire
Rockingham County, NH, New Hampshire
Strafford County, NH, New Hampshire
Sullivan County, New Hampshire
Atlantic County, NJ, New Jersey
Bergen County, NJ, New Jersey
Burlington County, NJ, New Jersey
Camden County, NJ, New Jersey
Cape May County, New Jersey
Cumberland County, NJ, New Jersey
Essex County, NJ, New Jersey
Gloucester County, NJ, New Jersey
Hudson County, NJ, New Jersey
Hunterdon County, NJ, New Jersey
Mercer County, NJ, New Jersey
Middlesex County, NJ, New Jersey
Monmouth County, NJ, New Jersey
Morris County, NJ, New Jersey
Ocean County, NJ, New Jersey
Passaic County, NJ, New Jersey
Salem County, New Jersey
Somerset County, NJ, New Jersey
Sussex County, NJ, New Jersey
Union County, NJ, New Jersey
Warren County, NJ, New Jersey
Bernalillo County, NM, New Mexico
Catron County, New Mexico
Chaves County, New Mexico
Cibola County, New Mexico
Colfax County, New Mexico
Curry County, New Mexico
De Baca County, New Mexico
Doña Ana County, NM, New Mexico
Eddy County, New Mexico
Grant County, New Mexico
Guadalupe County, New Mexico
Harding County, New Mexico
Hidalgo County, New Mexico
Lea County, New Mexico
Lincoln County, New Mexico
Los Alamos County, New Mexico
Luna County, New Mexico
McKinley County, New Mexico
Mora County, New Mexico
Otero County, New Mexico
Quay County, New Mexico
Rio Arriba County, New Mexico
Roosevelt County, New Mexico
San Juan County, NM, New Mexico
San Miguel County, New Mexico
Sandoval County, NM, New Mexico
Santa Fe County, NM, New Mexico
Sierra County, New Mexico
Socorro County, New Mexico
Taos County, New Mexico
Torrance County, New Mexico
Union County, New Mexico
Valencia County, New Mexico
Albany County, NY, New York
Allegany County, New York
Bronx County, NY, New York
Broome County, NY, New York
Cattaraugus County, New York
Cayuga County, New York
Chautauqua County, NY, New York
Chemung County, New York
Chenango County, New York
Clinton County, New York
Columbia County, New York
Cortland County, New York
Delaware County, New York
Dutchess County, NY, New York
Erie County, NY, New York
Essex County, New York
Franklin County, New York
Fulton County, New York
Genesee County, New York
Greene County, New York
Hamilton County, New York
Herkimer County, New York
Jefferson County, NY, New York
Kings County, NY, New York
Lewis County, New York
Livingston County, New York
Madison County, New York
Monroe County, NY, New York
Montgomery County, New York
Nassau County, NY, New York
New York County, NY, New York
Niagara County, NY, New York
Oneida County, NY, New York
Onondaga County, NY, New York
Ontario County, NY, New York
Orange County, NY, New York
Orleans County, New York
Oswego County, NY, New York
Otsego County, New York
Putnam County, NY, New York
Queens County, NY, New York
Rensselaer County, NY, New York
Richmond County, NY, New York
Rockland County, NY, New York
Saratoga County, NY, New York
Schenectady County, NY, New York
Schoharie County, New York
Schuyler County, New York
Seneca County, New York
St. Lawrence County, NY, New York
Steuben County, NY, New York
Suffolk County, NY, New York
Sullivan County, New York
Tioga County, New York
Tompkins County, NY, New York
Ulster County, NY, New York
Warren County, New York
Washington County, New York
Wayne County, New York
Westchester County, NY, New York
Wyoming County, New York
Yates County, New York
Alamance County, NC, North Carolina
Alexander County, North Carolina
Alleghany County, North Carolina
Anson County, North Carolina
Ashe County, North Carolina
Avery County, North Carolina
Beaufort County, North Carolina
Bertie County, North Carolina
Bladen County, North Carolina
Brunswick County, NC, North Carolina
Buncombe County, NC, North Carolina
Burke County, North Carolina
Cabarrus County, NC, North Carolina
Caldwell County, North Carolina
Camden County, North Carolina
Carteret County, North Carolina
Caswell County, North Carolina
Catawba County, NC, North Carolina
Chatham County, North Carolina
Cherokee County, North Carolina
Chowan County, North Carolina
Clay County, North Carolina
Cleveland County, NC, North Carolina
Columbus County, North Carolina
Craven County, NC, North Carolina
Cumberland County, NC, North Carolina
Currituck County, North Carolina
Dare County, North Carolina
Davidson County, NC, North Carolina
Davie County, North Carolina
Duplin County, North Carolina
Durham County, NC, North Carolina
Edgecombe County, North Carolina
Forsyth County, NC, North Carolina
Franklin County, North Carolina
Gaston County, NC, North Carolina
Gates County, North Carolina
Graham County, North Carolina
Granville County, North Carolina
Greene County, North Carolina
Guilford County, NC, North Carolina
Halifax County, North Carolina
Harnett County, NC, North Carolina
Haywood County, North Carolina
Henderson County, NC, North Carolina
Hertford County, North Carolina
Hoke County, North Carolina
Hyde County, North Carolina
Iredell County, NC, North Carolina
Jackson County, North Carolina
Johnston County, NC, North Carolina
Jones County, North Carolina
Lee County, North Carolina
Lenoir County, North Carolina
Lincoln County, North Carolina
Macon County, North Carolina
Madison County, North Carolina
Martin County, North Carolina
McDowell County, North Carolina
Mecklenburg County, NC, North Carolina
Mitchell County, North Carolina
Montgomery County, North Carolina
Moore County, North Carolina
Nash County, North Carolina
New Hanover County, NC, North Carolina
Northampton County, North Carolina
Onslow County, NC, North Carolina
Orange County, NC, North Carolina
Pamlico County, North Carolina
Pasquotank County, North Carolina
Pender County, North Carolina
Perquimans County, North Carolina
Person County, North Carolina
Pitt County, NC, North Carolina
Polk County, North Carolina
Randolph County, NC, North Carolina
Richmond County, North Carolina
Robeson County, NC, North Carolina
Rockingham County, North Carolina
Rowan County, NC, North Carolina
Rutherford County, North Carolina
Sampson County, North Carolina
Scotland County, North Carolina
Stanly County, North Carolina
Stokes County, North Carolina
Surry County, North Carolina
Swain County, North Carolina
Transylvania County, North Carolina
Tyrrell County, North Carolina
Union County, NC, North Carolina
Vance County, North Carolina
Wake County, NC, North Carolina
Warren County, North Carolina
Washington County, North Carolina
Watauga County, North Carolina
Wayne County, NC, North Carolina
Wilkes County, North Carolina
Wilson County, North Carolina
Yadkin County, North Carolina
Yancey County, North Carolina
Adams County, North Dakota
Barnes County, North Dakota
Benson County, North Dakota
Billings County, North Dakota
Bottineau County, North Dakota
Bowman County, North Dakota
Burke County, North Dakota
Burleigh County, North Dakota
Cass County, ND, North Dakota
Cavalier County, North Dakota
Dickey County, North Dakota
Divide County, North Dakota
Dunn County, North Dakota
Eddy County, North Dakota
Emmons County, North Dakota
Foster County, North Dakota
Golden Valley County, North Dakota
Grand Forks County, North Dakota
Grant County, North Dakota
Griggs County, North Dakota
Hettinger County, North Dakota
Kidder County, North Dakota
LaMoure County, North Dakota
Logan County, North Dakota
McHenry County, North Dakota
McIntosh County, North Dakota
McKenzie County, North Dakota
McLean County, North Dakota
Mercer County, North Dakota
Morton County, North Dakota
Mountrail County, North Dakota
Nelson County, North Dakota
Oliver County, North Dakota
Pembina County, North Dakota
Pierce County, North Dakota
Ramsey County, North Dakota
Ransom County, North Dakota
Renville County, North Dakota
Richland County, North Dakota
Rolette County, North Dakota
Sargent County, North Dakota
Sheridan County, North Dakota
Sioux County, North Dakota
Slope County, North Dakota
Stark County, North Dakota
Steele County, North Dakota
Stutsman County, North Dakota
Towner County, North Dakota
Traill County, North Dakota
Walsh County, North Dakota
Ward County, North Dakota
Wells County, North Dakota
Williams County, North Dakota
Adams County, Ohio
Allen County, OH, Ohio
Ashland County, Ohio
Ashtabula County, OH, Ohio
Athens County, Ohio
Auglaize County, Ohio
Belmont County, Ohio
Brown County, Ohio
Butler County, OH, Ohio
Carroll County, Ohio
Champaign County, Ohio
Clark County, OH, Ohio
Clermont County, OH, Ohio
Clinton County, Ohio
Columbiana County, OH, Ohio
Coshocton County, Ohio
Crawford County, Ohio
Cuyahoga County, OH, Ohio
Darke County, Ohio
Defiance County, Ohio
Delaware County, OH, Ohio
Erie County, Ohio
Fairfield County, OH, Ohio
Fayette County, Ohio
Franklin County, OH, Ohio
Fulton County, Ohio
Gallia County, Ohio
Geauga County, Ohio
Greene County, OH, Ohio
Guernsey County, Ohio
Hamilton County, OH, Ohio
Hancock County, Ohio
Hardin County, Ohio
Harrison County, Ohio
Henry County, Ohio
Highland County, Ohio
Hocking County, OH, Ohio
Holmes County, Ohio
Huron County, Ohio
Jackson County, Ohio
Jefferson County, Ohio
Knox County, Ohio
Lake County, OH, Ohio
Lawrence County, Ohio
Licking County, OH, Ohio
Logan County, Ohio
Lorain County, OH, Ohio
Lucas County, OH, Ohio
Madison County, Ohio
Mahoning County, OH, Ohio
Marion County, Ohio
Medina County, OH, Ohio
Meigs County, Ohio
Mercer County, Ohio
Miami County, OH, Ohio
Monroe County, Ohio
Montgomery County, OH, Ohio
Morgan County, Ohio
Morrow County, Ohio
Muskingum County, Ohio
Noble County, Ohio
Ottawa County, Ohio
Paulding County, Ohio
Perry County, Ohio
Pickaway County, Ohio
Pike County, Ohio
Portage County, OH, Ohio
Preble County, Ohio
Putnam County, Ohio
Richland County, OH, Ohio
Ross County, Ohio
Sandusky County, Ohio
Scioto County, Ohio
Seneca County, Ohio
Shelby County, Ohio
Stark County, OH, Ohio
Summit County, OH, Ohio
Trumbull County, OH, Ohio
Tuscarawas County, Ohio
Union County, Ohio
Van Wert County, Ohio
Vinton County, Ohio
Warren County, OH, Ohio
Washington County, Ohio
Wayne County, OH, Ohio
Williams County, Ohio
Wood County, OH, Ohio
Wyandot County, Ohio
Adair County, Oklahoma
Alfalfa County, Oklahoma
Atoka County, Oklahoma
Beaver County, Oklahoma
Beckham County, Oklahoma
Blaine County, Oklahoma
Bryan County, Oklahoma
Caddo County, Oklahoma
Canadian County, OK, Oklahoma
Carter County, Oklahoma
Cherokee County, Oklahoma
Choctaw County, Oklahoma
Cimarron County, Oklahoma
Cleveland County, OK, Oklahoma
Coal County, Oklahoma
Comanche County, OK, Oklahoma
Cotton County, Oklahoma
Craig County, Oklahoma
Creek County, Oklahoma
Custer County, Oklahoma
Delaware County, Oklahoma
Dewey County, Oklahoma
Ellis County, Oklahoma
Garfield County, Oklahoma
Garvin County, Oklahoma
Grady County, Oklahoma
Grant County, Oklahoma
Greer County, Oklahoma
Harmon County, Oklahoma
Harper County, Oklahoma
Haskell County, Oklahoma
Hughes County, Oklahoma
Jackson County, Oklahoma
Jefferson County, Oklahoma
Johnston County, Oklahoma
Kay County, Oklahoma
Kingfisher County, Oklahoma
Kiowa County, Oklahoma
Latimer County, Oklahoma
Le Flore County, Oklahoma
Lincoln County, Oklahoma
Logan County, Oklahoma
Love County, Oklahoma
Major County, Oklahoma
Marshall County, Oklahoma
Mayes County, Oklahoma
McClain County, Oklahoma
McCurtain County, Oklahoma
McIntosh County, Oklahoma
Murray County, Oklahoma
Muskogee County, Oklahoma
Noble County, Oklahoma
Nowata County, Oklahoma
Okfuskee County, Oklahoma
Oklahoma County, OK, Oklahoma
Okmulgee County, Oklahoma
Osage County, Oklahoma
Ottawa County, Oklahoma
Pawnee County, Oklahoma
Payne County, Oklahoma
Pittsburg County, Oklahoma
Pontotoc County, Oklahoma
Pottawatomie County, Oklahoma
Pushmataha County, Oklahoma
Roger Mills County, Oklahoma
Rogers County, Oklahoma
Seminole County, Oklahoma
Sequoyah County, Oklahoma
Stephens County, Oklahoma
Texas County, Oklahoma
Tillman County, Oklahoma
Tulsa County, OK, Oklahoma
Wagoner County, Oklahoma
Washington County, Oklahoma
Washita County, Oklahoma
Woods County, Oklahoma
Woodward County, Oklahoma
Baker County, Oregon
Benton County, Oregon
Clackamas County, OR, Oregon
Clatsop County, Oregon
Columbia County, Oregon
Coos County, Oregon
Crook County, Oregon
Curry County, Oregon
Deschutes County, OR, Oregon
Douglas County, OR, Oregon
Gilliam County, Oregon
Grant County, Oregon
Harney County, Oregon
Hood River County, Oregon
Jackson County, OR, Oregon
Jefferson County, Oregon
Josephine County, Oregon
Klamath County, Oregon
Lake County, Oregon
Lane County, OR, Oregon
Lincoln County, Oregon
Linn County, OR, Oregon
Malheur County, Oregon
Marion County, OR, Oregon
Morrow County, Oregon
Multnomah County, OR, Oregon
Polk County, Oregon
Sherman County, Oregon
Tillamook County, Oregon
Umatilla County, Oregon
Union County, Oregon
Wallowa County, Oregon
Wasco County, Oregon
Washington County, OR, Oregon
Wheeler County, Oregon
Yamhill County, OR, Oregon
Adams County, PA, Pennsylvania
Allegheny County, PA, Pennsylvania
Armstrong County, Pennsylvania
Beaver County, PA, Pennsylvania
Bedford County, Pennsylvania
Berks County, PA, Pennsylvania
Blair County, PA, Pennsylvania
Bradford County, Pennsylvania
Bucks County, PA, Pennsylvania
Butler County, PA, Pennsylvania
Cambria County, PA, Pennsylvania
Cameron County, Pennsylvania
Carbon County, Pennsylvania
Centre County, PA, Pennsylvania
Chester County, PA, Pennsylvania
Clarion County, Pennsylvania
Clearfield County, Pennsylvania
Clinton County, Pennsylvania
Columbia County, Pennsylvania
Crawford County, Pennsylvania
Cumberland County, PA, Pennsylvania
Dauphin County, PA, Pennsylvania
Delaware County, PA, Pennsylvania
Elk County, Pennsylvania
Erie County, PA, Pennsylvania
Fayette County, PA, Pennsylvania
Forest County, Pennsylvania
Franklin County, PA, Pennsylvania
Fulton County, Pennsylvania
Greene County, Pennsylvania
Huntingdon County, Pennsylvania
Indiana County, Pennsylvania
Jefferson County, Pennsylvania
Juniata County, Pennsylvania
Lackawanna County, PA, Pennsylvania
Lancaster County, PA, Pennsylvania
Lawrence County, Pennsylvania
Lebanon County, PA, Pennsylvania
Lehigh County, PA, Pennsylvania
Luzerne County, PA, Pennsylvania
Lycoming County, PA, Pennsylvania
McKean County, Pennsylvania
Mercer County, PA, Pennsylvania
Mifflin County, Pennsylvania
Monroe County, PA, Pennsylvania
Montgomery County, PA, Pennsylvania
Montour County, Pennsylvania
Northampton County, PA, Pennsylvania
Northumberland County, Pennsylvania
Perry County, Pennsylvania
Philadelphia County, PA, Pennsylvania
Pike County, Pennsylvania
Potter County, Pennsylvania
Schuylkill County, PA, Pennsylvania
Snyder County, Pennsylvania
Somerset County, Pennsylvania
Sullivan County, Pennsylvania
Susquehanna County, Pennsylvania
Tioga County, Pennsylvania
Union County, Pennsylvania
Venango County, Pennsylvania
Warren County, Pennsylvania
Washington County, PA, Pennsylvania
Wayne County, Pennsylvania
Westmoreland County, PA, Pennsylvania
Wyoming County, Pennsylvania
York County, PA, Pennsylvania
Adjuntas Municipio, Puerto Rico
Aguada Municipio, Puerto Rico
Aguadilla Municipio, Puerto Rico
Aguas Buenas Municipio, Puerto Rico
Aibonito Municipio, Puerto Rico
Arecibo Municipio, Puerto Rico
Arroyo Municipio, Puerto Rico
Añasco Municipio, Puerto Rico
Barceloneta Municipio, Puerto Rico
Barranquitas Municipio, Puerto Rico
Bayamón Municipio, PR, Puerto Rico
Cabo Rojo Municipio, Puerto Rico
Caguas Municipio, PR, Puerto Rico
Camuy Municipio, Puerto Rico
Canóvanas Municipio, Puerto Rico
Carolina Municipio, PR, Puerto Rico
Cataño Municipio, Puerto Rico
Cayey Municipio, Puerto Rico
Ceiba Municipio, Puerto Rico
Ciales Municipio, Puerto Rico
Cidra Municipio, Puerto Rico
Coamo Municipio, Puerto Rico
Comerío Municipio, Puerto Rico
Corozal Municipio, Puerto Rico
Culebra Municipio, Puerto Rico
Dorado Municipio, Puerto Rico
Fajardo Municipio, Puerto Rico
Florida Municipio, Puerto Rico
Guayama Municipio, Puerto Rico
Guayanilla Municipio, Puerto Rico
Guaynabo Municipio, Puerto Rico
Gurabo Municipio, Puerto Rico
Guánica Municipio, Puerto Rico
Hatillo Municipio, Puerto Rico
Hormigueros Municipio, Puerto Rico
Humacao Municipio, Puerto Rico
Isabela Municipio, Puerto Rico
Jayuya Municipio, Puerto Rico
Juana Díaz Municipio, Puerto Rico
Juncos Municipio, Puerto Rico
Lajas Municipio, Puerto Rico
Lares Municipio, Puerto Rico
Las Marías Municipio, Puerto Rico
Las Piedras Municipio, Puerto Rico
Loíza Municipio, Puerto Rico
Luquillo Municipio, Puerto Rico
Manatí Municipio, Puerto Rico
Maricao Municipio, Puerto Rico
Maunabo Municipio, Puerto Rico
Mayagüez Municipio, Puerto Rico
Moca Municipio, Puerto Rico
Morovis Municipio, Puerto Rico
Naguabo Municipio, Puerto Rico
Naranjito Municipio, Puerto Rico
Orocovis Municipio, Puerto Rico
Patillas Municipio, Puerto Rico
Peñuelas Municipio, Puerto Rico
Ponce Municipio, PR, Puerto Rico
Quebradillas Municipio, Puerto Rico
Rincón Municipio, Puerto Rico
Río Grande Municipio, Puerto Rico
Sabana Grande Municipio, Puerto Rico
Salinas Municipio, Puerto Rico
San Germán Municipio, Puerto Rico
San Juan Municipio, PR, Puerto Rico
San Lorenzo Municipio, Puerto Rico
San Sebastián Municipio, Puerto Rico
Santa Isabel Municipio, Puerto Rico
Toa Alta Municipio, Puerto Rico
Toa Baja Municipio, Puerto Rico
Trujillo Alto Municipio, Puerto Rico
Utuado Municipio, Puerto Rico
Vega Alta Municipio, Puerto Rico
Vega Baja Municipio, Puerto Rico
Vieques Municipio, Puerto Rico
Villalba Municipio, Puerto Rico
Yabucoa Municipio, Puerto Rico
Yauco Municipio, Puerto Rico
Bristol County, Rhode Island
Kent County, RI, Rhode Island
Newport County, Rhode Island
Providence County, RI, Rhode Island
Washington County, RI, Rhode Island
Abbeville County, South Carolina
Aiken County, SC, South Carolina
Allendale County, South Carolina
Anderson County, SC, South Carolina
Bamberg County, South Carolina
Barnwell County, South Carolina
Beaufort County, SC, South Carolina
Berkeley County, SC, South Carolina
Calhoun County, South Carolina
Charleston County, SC, South Carolina
Cherokee County, South Carolina
Chester County, South Carolina
Chesterfield County, South Carolina
Clarendon County, South Carolina
Colleton County, South Carolina
Darlington County, South Carolina
Dillon County, South Carolina
Dorchester County, SC, South Carolina
Edgefield County, South Carolina
Fairfield County, South Carolina
Florence County, SC, South Carolina
Georgetown County, South Carolina
Greenville County, SC, South Carolina
Greenwood County, South Carolina
Hampton County, South Carolina
Horry County, SC, South Carolina
Jasper County, South Carolina
Kershaw County, South Carolina
Lancaster County, South Carolina
Laurens County, South Carolina
Lee County, South Carolina
Lexington County, SC, South Carolina
Marion County, South Carolina
Marlboro County, South Carolina
McCormick County, South Carolina
Newberry County, South Carolina
Oconee County, South Carolina
Orangeburg County, South Carolina
Pickens County, SC, South Carolina
Richland County, SC, South Carolina
Saluda County, South Carolina
Spartanburg County, SC, South Carolina
Sumter County, SC, South Carolina
Union County, South Carolina
Williamsburg County, South Carolina
York County, SC, South Carolina
Aurora County, South Dakota
Beadle County, South Dakota
Bennett County, South Dakota
Bon Homme County, South Dakota
Brookings County, South Dakota
Brown County, South Dakota
Brule County, South Dakota
Buffalo County, South Dakota
Butte County, South Dakota
Campbell County, South Dakota
Charles Mix County, South Dakota
Clark County, South Dakota
Clay County, South Dakota
Codington County, South Dakota
Corson County, South Dakota
Custer County, South Dakota
Davison County, South Dakota
Day County, South Dakota
Deuel County, South Dakota
Dewey County, South Dakota
Douglas County, South Dakota
Edmunds County, South Dakota
Fall River County, South Dakota
Faulk County, South Dakota
Grant County, South Dakota
Gregory County, South Dakota
Haakon County, South Dakota
Hamlin County, South Dakota
Hand County, South Dakota
Hanson County, South Dakota
Harding County, South Dakota
Hughes County, South Dakota
Hutchinson County, South Dakota
Hyde County, South Dakota
Jackson County, South Dakota
Jerauld County, South Dakota
Jones County, South Dakota
Kingsbury County, South Dakota
Lake County, South Dakota
Lawrence County, South Dakota
Lincoln County, South Dakota
Lyman County, South Dakota
Marshall County, South Dakota
McCook County, South Dakota
McPherson County, South Dakota
Meade County, South Dakota
Mellette County, South Dakota
Miner County, South Dakota
Minnehaha County, SD, South Dakota
Moody County, South Dakota
Oglala Lakota County, South Dakota
Pennington County, SD, South Dakota
Perkins County, South Dakota
Potter County, South Dakota
Roberts County, South Dakota
Sanborn County, South Dakota
Spink County, South Dakota
Stanley County, South Dakota
Sully County, South Dakota
Todd County, South Dakota
Tripp County, South Dakota
Turner County, South Dakota
Union County, South Dakota
Walworth County, South Dakota
Yankton County, South Dakota
Ziebach County, South Dakota
Anderson County, Tennessee
Bedford County, Tennessee
Benton County, Tennessee
Bledsoe County, Tennessee
Blount County, TN, Tennessee
Bradley County, TN, Tennessee
Campbell County, Tennessee
Cannon County, Tennessee
Carroll County, Tennessee
Carter County, Tennessee
Cheatham County, Tennessee
Chester County, Tennessee
Claiborne County, Tennessee
Clay County, Tennessee
Cocke County, Tennessee
Coffee County, Tennessee
Crockett County, Tennessee
Cumberland County, Tennessee
Davidson County, TN, Tennessee
DeKalb County, Tennessee
Decatur County, Tennessee
Dickson County, Tennessee
Dyer County, Tennessee
Fayette County, Tennessee
Fentress County, Tennessee
Franklin County, Tennessee
Gibson County, Tennessee
Giles County, Tennessee
Grainger County, Tennessee
Greene County, Tennessee
Grundy County, Tennessee
Hamblen County, Tennessee
Hamilton County, TN, Tennessee
Hancock County, Tennessee
Hardeman County, Tennessee
Hardin County, Tennessee
Hawkins County, Tennessee
Haywood County, Tennessee
Henderson County, Tennessee
Henry County, Tennessee
Hickman County, Tennessee
Houston County, Tennessee
Humphreys County, Tennessee
Jackson County, Tennessee
Jefferson County, Tennessee
Johnson County, Tennessee
Knox County, TN, Tennessee
Lake County, Tennessee
Lauderdale County, Tennessee
Lawrence County, Tennessee
Lewis County, Tennessee
Lincoln County, Tennessee
Loudon County, Tennessee
Macon County, Tennessee
Madison County, TN, Tennessee
Marion County, Tennessee
Marshall County, Tennessee
Maury County, Tennessee
McMinn County, Tennessee
McNairy County, Tennessee
Meigs County, Tennessee
Monroe County, Tennessee
Montgomery County, TN, Tennessee
Moore County, Tennessee
Morgan County, Tennessee
Obion County, Tennessee
Overton County, Tennessee
Perry County, Tennessee
Pickett County, Tennessee
Polk County, Tennessee
Putnam County, Tennessee
Rhea County, Tennessee
Roane County, Tennessee
Robertson County, Tennessee
Rutherford County, TN, Tennessee
Scott County, Tennessee
Sequatchie County, Tennessee
Sevier County, Tennessee
Shelby County, TN, Tennessee
Smith County, Tennessee
Stewart County, Tennessee
Sullivan County, TN, Tennessee
Sumner County, TN, Tennessee
Tipton County, Tennessee
Trousdale County, Tennessee
Unicoi County, Tennessee
Union County, Tennessee
Van Buren County, Tennessee
Warren County, Tennessee
Washington County, TN, Tennessee
Wayne County, Tennessee
Weakley County, Tennessee
White County, Tennessee
Williamson County, TN, Tennessee
Wilson County, TN, Tennessee
Anderson County, Texas
Andrews County, Texas
Angelina County, Texas
Aransas County, Texas
Archer County, Texas
Armstrong County, Texas
Atascosa County, Texas
Austin County, Texas
Bailey County, Texas
Bandera County, Texas
Bastrop County, Texas
Baylor County, Texas
Bee County, Texas
Bell County, TX, Texas
Bexar County, TX, Texas
Blanco County, Texas
Borden County, Texas
Bosque County, Texas
Bowie County, Texas
Brazoria County, TX, Texas
Brazos County, TX, Texas
Brewster County, Texas
Briscoe County, Texas
Brooks County, Texas
Brown County, Texas
Burleson County, Texas
Burnet County, Texas
Caldwell County, Texas
Calhoun County, Texas
Callahan County, Texas
Cameron County, TX, Texas
Camp County, Texas
Carson County, Texas
Cass County, Texas
Castro County, Texas
Chambers County, Texas
Cherokee County, Texas
Childress County, Texas
Clay County, Texas
Cochran County, Texas
Coke County, Texas
Coleman County, Texas
Collin County, TX, Texas
Collingsworth County, Texas
Colorado County, Texas
Comal County, TX, Texas
Comanche County, Texas
Concho County, Texas
Cooke County, Texas
Coryell County, Texas
Cottle County, Texas
Crane County, Texas
Crockett County, Texas
Crosby County, Texas
Culberson County, Texas
Dallam County, Texas
Dallas County, TX, Texas
Dawson County, Texas
DeWitt County, Texas
Deaf Smith County, Texas
Delta County, Texas
Denton County, TX, Texas
Dickens County, Texas
Dimmit County, Texas
Donley County, Texas
Duval County, Texas
Eastland County, Texas
Ector County, TX, Texas
Edwards County, Texas
El Paso County, TX, Texas
Ellis County, TX, Texas
Erath County, Texas
Falls County, Texas
Fannin County, Texas
Fayette County, Texas
Fisher County, Texas
Floyd County, Texas
Foard County, Texas
Fort Bend County, TX, Texas
Franklin County, Texas
Freestone County, Texas
Frio County, Texas
Gaines County, Texas
Galveston County, TX, Texas
Garza County, Texas
Gillespie County, Texas
Glasscock County, Texas
Goliad County, Texas
Gonzales County, Texas
Gray County, Texas
Grayson County, TX, Texas
Gregg County, TX, Texas
Grimes County, Texas
Guadalupe County, TX, Texas
Hale County, Texas
Hall County, Texas
Hamilton County, Texas
Hansford County, Texas
Hardeman County, Texas
Hardin County, Texas
Harris County, TX, Texas
Harrison County, Texas
Hartley County, Texas
Haskell County, Texas
Hays County, TX, Texas
Hemphill County, Texas
Henderson County, Texas
Hidalgo County, TX, Texas
Hill County, Texas
Hockley County, Texas
Hood County, Texas
Hopkins County, Texas
Houston County, Texas
Howard County, Texas
Hudspeth County, Texas
Hunt County, Texas
Hutchinson County, Texas
Irion County, Texas
Jack County, Texas
Jackson County, Texas
Jasper County, Texas
Jeff Davis County, Texas
Jefferson County, TX, Texas
Jim Hogg County, Texas
Jim Wells County, Texas
Johnson County, TX, Texas
Jones County, Texas
Karnes County, Texas
Kaufman County, TX, Texas
Kendall County, Texas
Kenedy County, Texas
Kent County, Texas
Kerr County, Texas
Kimble County, Texas
King County, Texas
Kinney County, Texas
Kleberg County, Texas
Knox County, Texas
La Salle County, Texas
Lamar County, Texas
Lamb County, Texas
Lampasas County, Texas
Lavaca County, Texas
Lee County, Texas
Leon County, Texas
Liberty County, Texas
Limestone County, Texas
Lipscomb County, Texas
Live Oak County, Texas
Llano County, Texas
Loving County, Texas
Lubbock County, TX, Texas
Lynn County, Texas
Madison County, Texas
Marion County, Texas
Martin County, Texas
Mason County, Texas
Matagorda County, Texas
Maverick County, Texas
McCulloch County, Texas
McLennan County, TX, Texas
McMullen County, Texas
Medina County, Texas
Menard County, Texas
Midland County, TX, Texas
Milam County, Texas
Mills County, Texas
Mitchell County, Texas
Montague County, Texas
Montgomery County, TX, Texas
Moore County, Texas
Morris County, Texas
Motley County, Texas
Nacogdoches County, Texas
Navarro County, Texas
Newton County, Texas
Nolan County, Texas
Nueces County, TX, Texas
Ochiltree County, Texas
Oldham County, Texas
Orange County, Texas
Palo Pinto County, Texas
Panola County, Texas
Parker County, TX, Texas
Parmer County, Texas
Pecos County, Texas
Polk County, Texas
Potter County, TX, Texas
Presidio County, Texas
Rains County, Texas
Randall County, TX, Texas
Reagan County, Texas
Real County, Texas
Red River County, Texas
Reeves County, Texas
Refugio County, Texas
Roberts County, Texas
Robertson County, Texas
Rockwall County, Texas
Runnels County, Texas
Rusk County, Texas
Sabine County, Texas
San Augustine County, Texas
San Jacinto County, Texas
San Patricio County, Texas
San Saba County, Texas
Schleicher County, Texas
Scurry County, Texas
Shackelford County, Texas
Shelby County, Texas
Sherman County, Texas
Smith County, TX, Texas
Somervell County, Texas
Starr County, Texas
Stephens County, Texas
Sterling County, Texas
Stonewall County, Texas
Sutton County, Texas
Swisher County, Texas
Tarrant County, TX, Texas
Taylor County, TX, Texas
Terrell County, Texas
Terry County, Texas
Throckmorton County, Texas
Titus County, Texas
Tom Green County, TX, Texas
Travis County, TX, Texas
Trinity County, Texas
Tyler County, Texas
Upshur County, Texas
Upton County, Texas
Uvalde County, Texas
Val Verde County, Texas
Van Zandt County, Texas
Victoria County, Texas
Walker County, Texas
Waller County, Texas
Ward County, Texas
Washington County, Texas
Webb County, TX, Texas
Wharton County, Texas
Wheeler County, Texas
Wichita County, TX, Texas
Wilbarger County, Texas
Willacy County, Texas
Williamson County, TX, Texas
Wilson County, Texas
Winkler County, Texas
Wise County, Texas
Wood County, Texas
Yoakum County, Texas
Young County, Texas
Zapata County, Texas
Zavala County, Texas
Beaver County, Utah
Box Elder County, Utah
Cache County, UT, Utah
Carbon County, Utah
Daggett County, Utah
Davis County, UT, Utah
Duchesne County, Utah
Emery County, Utah
Garfield County, Utah
Grand County, Utah
Iron County, Utah
Juab County, Utah
Kane County, Utah
Millard County, Utah
Morgan County, Utah
Piute County, Utah
Rich County, Utah
Salt Lake County, UT, Utah
San Juan County, Utah
Sanpete County, Utah
Sevier County, Utah
Summit County, Utah
Tooele County, Utah
Uintah County, Utah
Utah County, UT, Utah
Wasatch County, Utah
Washington County, UT, Utah
Wayne County, Utah
Weber County, UT, Utah
Addison County, Vermont
Bennington County, Vermont
Caledonia County, Vermont
Chittenden County, VT, Vermont
Essex County, Vermont
Franklin County, Vermont
Grand Isle County, Vermont
Lamoille County, Vermont
Orange County, Vermont
Orleans County, Vermont
Rutland County, Vermont
Washington County, Vermont
Windham County, Vermont
Windsor County, Vermont
Accomack County, Virginia
Albemarle County, VA, Virginia
Alexandria city, VA, Virginia
Alleghany County, Virginia
Amelia County, Virginia
Amherst County, Virginia
Appomattox County, Virginia
Arlington County, VA, Virginia
Augusta County, Virginia
Bath County, Virginia
Bedford County, Virginia
Bland County, Virginia
Botetourt County, Virginia
Bristol city, Virginia
Brunswick County, Virginia
Buchanan County, Virginia
Buckingham County, Virginia
Buena Vista city, Virginia
Campbell County, Virginia
Caroline County, Virginia
Carroll County, Virginia
Charles City County, Virginia
Charlotte County, Virginia
Charlottesville city, Virginia
Chesapeake city, VA, Virginia
Chesterfield County, VA, Virginia
Clarke County, Virginia
Colonial Heights city, Virginia
Covington city, Virginia
Craig County, Virginia
Culpeper County, Virginia
Cumberland County, Virginia
Danville city, Virginia
Dickenson County, Virginia
Dinwiddie County, Virginia
Emporia city, Virginia
Essex County, Virginia
Fairfax County, VA, Virginia
Fairfax city, Virginia
Falls Church city, Virginia
Fauquier County, Virginia
Floyd County, Virginia
Fluvanna County, Virginia
Franklin County, Virginia
Franklin city, Virginia
Frederick County, Virginia
Fredericksburg city, Virginia
Galax city, Virginia
Giles County, Virginia
Gloucester County, Virginia
Goochland County, Virginia
Grayson County, Virginia
Greene County, Virginia
Greensville County, Virginia
Halifax County, Virginia
Hampton city, VA, Virginia
Hanover County, VA, Virginia
Harrisonburg city, Virginia
Henrico County, VA, Virginia
Henry County, Virginia
Highland County, Virginia
Hopewell city, Virginia
Isle of Wight County, Virginia
James City County, Virginia
King George County, Virginia
King William County, Virginia
King and Queen County, Virginia
Lancaster County, Virginia
Lee County, Virginia
Lexington city, Virginia
Loudoun County, VA, Virginia
Louisa County, Virginia
Lunenburg County, Virginia
Lynchburg city, Virginia
Madison County, Virginia
Manassas Park city, Virginia
Manassas city, Virginia
Martinsville city, Virginia
Mathews County, Virginia
Mecklenburg County, Virginia
Middlesex County, Virginia
Montgomery County, Virginia
Nelson County, Virginia
New Kent County, Virginia
Newport News city, VA, Virginia
Norfolk city, VA, Virginia
Northampton County, Virginia
Northumberland County, Virginia
Norton city, Virginia
Nottoway County, Virginia
Orange County, Virginia
Page County, Virginia
Patrick County, Virginia
Petersburg city, Virginia
Pittsylvania County, Virginia
Poquoson city, Virginia
Portsmouth city, Virginia
Powhatan County, Virginia
Prince Edward County, Virginia
Prince George County, Virginia
Prince William County, VA, Virginia
Pulaski County, Virginia
Radford city, Virginia
Rappahannock County, Virginia
Richmond County, Virginia
Richmond city, VA, Virginia
Roanoke County, Virginia
Roanoke city, VA, Virginia
Rockbridge County, Virginia
Rockingham County, Virginia
Russell County, Virginia
Salem city, Virginia
Scott County, Virginia
Shenandoah County, Virginia
Smyth County, Virginia
Southampton County, Virginia
Spotsylvania County, VA, Virginia
Stafford County, VA, Virginia
Staunton city, Virginia
Suffolk city, Virginia
Surry County, Virginia
Sussex County, Virginia
Tazewell County, Virginia
Virginia Beach city, VA, Virginia
Warren County, Virginia
Washington County, Virginia
Waynesboro city, Virginia
Westmoreland County, Virginia
Williamsburg city, Virginia
Winchester city, Virginia
Wise County, Virginia
Wythe County, Virginia
York County, Virginia
Adams County, Washington
Asotin County, Washington
Benton County, WA, Washington
Chelan County, Washington
Clallam County, Washington
Clark County, WA, Washington
Columbia County, Washington
Cowlitz County, WA, Washington
Douglas County, Washington
Ferry County, Washington
Franklin County, Washington
Garfield County, Washington
Grant County, Washington
Grays Harbor County, Washington
Island County, Washington
Jefferson County, Washington
King County, WA, Washington
Kitsap County, WA, Washington
Kittitas County, Washington
Klickitat County, Washington
Lewis County, Washington
Lincoln County, Washington
Mason County, Washington
Okanogan County, Washington
Pacific County, Washington
Pend Oreille County, Washington
Pierce County, WA, Washington
San Juan County, Washington
Skagit County, WA, Washington
Skamania County, Washington
Snohomish County, WA, Washington
Spokane County, WA, Washington
Stevens County, Washington
Thurston County, WA, Washington
Wahkiakum County, Washington
Walla Walla County, Washington
Whatcom County, WA, Washington
Whitman County, Washington
Yakima County, WA, Washington
Barbour County, West Virginia
Berkeley County, WV, West Virginia
Boone County, West Virginia
Braxton County, West Virginia
Brooke County, West Virginia
Cabell County, West Virginia
Calhoun County, West Virginia
Clay County, West Virginia
Doddridge County, West Virginia
Fayette County, West Virginia
Gilmer County, West Virginia
Grant County, West Virginia
Greenbrier County, West Virginia
Hampshire County, West Virginia
Hancock County, West Virginia
Hardy County, West Virginia
Harrison County, West Virginia
Jackson County, West Virginia
Jefferson County, West Virginia
Kanawha County, WV, West Virginia
Lewis County, West Virginia
Lincoln County, West Virginia
Logan County, West Virginia
Marion County, West Virginia
Marshall County, West Virginia
Mason County, West Virginia
McDowell County, West Virginia
Mercer County, West Virginia
Mineral County, West Virginia
Mingo County, West Virginia
Monongalia County, WV, West Virginia
Monroe County, West Virginia
Morgan County, West Virginia
Nicholas County, West Virginia
Ohio County, West Virginia
Pendleton County, West Virginia
Pleasants County, West Virginia
Pocahontas County, West Virginia
Preston County, West Virginia
Putnam County, West Virginia
Raleigh County, West Virginia
Randolph County, West Virginia
Ritchie County, West Virginia
Roane County, West Virginia
Summers County, West Virginia
Taylor County, West Virginia
Tucker County, West Virginia
Tyler County, West Virginia
Upshur County, West Virginia
Wayne County, West Virginia
Webster County, West Virginia
Wetzel County, West Virginia
Wirt County, West Virginia
Wood County, West Virginia
Wyoming County, West Virginia
Adams County, Wisconsin
Ashland County, Wisconsin
Barron County, Wisconsin
Bayfield County, Wisconsin
Brown County, WI, Wisconsin
Buffalo County, Wisconsin
Burnett County, Wisconsin
Calumet County, Wisconsin
Chippewa County, Wisconsin
Clark County, Wisconsin
Columbia County, Wisconsin
Crawford County, Wisconsin
Dane County, WI, Wisconsin
Dodge County, Wisconsin
Door County, Wisconsin
Douglas County, Wisconsin
Dunn County, Wisconsin
Eau Claire County, WI, Wisconsin
Florence County, Wisconsin
Fond du Lac County, WI, Wisconsin
Forest County, Wisconsin
Grant County, Wisconsin
Green County, Wisconsin
Green Lake County, Wisconsin
Iowa County, Wisconsin
Iron County, Wisconsin
Jackson County, Wisconsin
Jefferson County, Wisconsin
Juneau County, Wisconsin
Kenosha County, WI, Wisconsin
Kewaunee County, Wisconsin
La Crosse County, WI, Wisconsin
Lafayette County, Wisconsin
Langlade County, Wisconsin
Lincoln County, Wisconsin
Manitowoc County, Wisconsin
Marathon County, WI, Wisconsin
Marinette County, Wisconsin
Marquette County, Wisconsin
Menominee County, Wisconsin
Milwaukee County, WI, Wisconsin
Monroe County, Wisconsin
Oconto County, Wisconsin
Oneida County, Wisconsin
Outagamie County, WI, Wisconsin
Ozaukee County, Wisconsin
Pepin County, Wisconsin
Pierce County, Wisconsin
Polk County, Wisconsin
Portage County, Wisconsin
Price County, Wisconsin
Racine County, WI, Wisconsin
Richland County, Wisconsin
Rock County, WI, Wisconsin
Rusk County, Wisconsin
Sauk County, Wisconsin
Sawyer County, Wisconsin
Shawano County, Wisconsin
Sheboygan County, WI, Wisconsin
St. Croix County, Wisconsin
Taylor County, Wisconsin
Trempealeau County, Wisconsin
Vernon County, Wisconsin
Vilas County, Wisconsin
Walworth County, WI, Wisconsin
Washburn County, Wisconsin
Washington County, WI, Wisconsin
Waukesha County, WI, Wisconsin
Waupaca County, Wisconsin
Waushara County, Wisconsin
Winnebago County, WI, Wisconsin
Wood County, Wisconsin
Albany County, Wyoming
Big Horn County, Wyoming
Campbell County, Wyoming
Carbon County, Wyoming
Converse County, Wyoming
Crook County, Wyoming
Fremont County, Wyoming
Goshen County, Wyoming
Hot Springs County, Wyoming
Johnson County, Wyoming
Laramie County, Wyoming
Lincoln County, Wyoming
Natrona County, Wyoming
Niobrara County, Wyoming
Park County, Wyoming
Platte County, Wyoming
Sheridan County, Wyoming
Sublette County, Wyoming
Sweetwater County, Wyoming
Teton County, Wyoming
Uinta County, Wyoming
Washakie County, Wyoming
Weston County, Wyoming
